employee_id,net_worth,household_debt
1,"236,223.59","24,257.70"
2,"43,591.12",49958.28
3,$154785.5,15541.28
4,142889.49,"12,306.52"
5,203520.59,"20,309.94"
6,66372.87,"32,510.43"
7,"336,901.82",51309.27
8,$187347.91,42670.51
9,303717.95,"38,154.19"
10,$69504.63,"62,013.30"
11,"140,832.06","31,111.12"
12,"$412,723.40",-1449.42
13,$146599.56,"$49,492.60"
14,"208,768.27",53672.4
15,204206.05,$39263.32
16,"$135,628.39",$30721.66
17,$171253.83,"31,481.40"
18,$66942.16,7045.08
19,$38217.01,$67340.49
20,"361,530.69","54,189.29"
21,"$275,972.20",40192.26
22,363593.24,"$16,222.09"
23,"$265,606.58",23477.01
24,"298,019.26","$42,918.13"
25,"158,150.04",
26,-21347.0,"56,347.57"
27,$164610.9,"$-3,639.10"
28,"167,436.99","$28,555.78"
29,$176718.95,$-6418.52
30,346967.62,34661.4
31,"280,898.56",12736.24
32,$429377.26,"67,328.88"
33,"171,081.29","47,543.28"
34,$373120.91,37524.26
35,$252525.69,"39,526.35"
36,241121.85,19036.24
37,"214,916.44","$68,757.68"
38,149722.83,$38411.91
39,304280.9,"3,248.53"
40,184630.3,
41,150461.59,"51,999.00"
42,$91705.93,19804.89
43,33786.71,18241.28
44,$391005.07,14824.52
45,$168843.32,"58,104.25"
46,"290,910.63",$57038.75
47,$121517.95,46424.32
48,54661.46,400.2
49,$165746.79,$43085.24
50,"333,699.97",34913.2
51,157779.85,40887.92
52,187770.64,27151.55
53,218292.62,"28,982.24"
54,"$140,526.81",$27837.58
55,81550.49,45451.0
56,$24360.72,29151.34
57,254412.5,59730.1
58,263150.63,17088.22
59,286028.61,39480.95
60,372672.87,$29346.66
61,247495.87,"29,622.35"
62,$238634.11,$11807.03
63,246454.32,
64,"254,036.82",$21786.99
65,$122794.33,"40,736.10"
66,182537.36,36232.01
67,"153,949.37","37,050.77"
68,"285,522.24",
69,"$90,154.91",18046.18
70,"234,276.93",$11190.52
71,"$239,146.15",$48496.06
72,"285,027.86","18,924.19"
73,"321,185.19",
74,$262997.43,"31,889.90"
75,174284.16,11473.27
76,$337226.49,$4147.04
77,"$222,849.88","56,767.18"
78,"$129,918.43",37328.32
79,24201.76,"-8,655.83"
80,$81549.18,"$20,319.04"
81,$221645.82,$20824.05
82,"318,036.06",43680.76
83,$85763.47,"$45,199.64"
84,$109293.13,$26939.13
85,"387,417.46",$41990.9
86,139561.97,34715.25
87,37130.6,-5173.45
88,"134,455.36",$51373.39
89,"$26,395.76","23,892.90"
90,341409.9,"100,378.72"
91,212694.28,"$19,791.06"
92,286649.52,"16,174.82"
93,"189,237.56","$33,743.23"
94,317288.32,"48,834.06"
95,"34,264.41",73386.29
96,$114837.42,
97,209845.07,27987.23
98,"162,241.00",$24213.09
99,"199,216.79",56048.39
100,$254359.22,9736.19
101,$288939.39,"$34,626.97"
102,"$221,515.12",63630.44
103,"286,246.42",$3068.64
104,218970.68,$17438.82
105,$282397.62,"39,257.38"
106,$213861.5,"$10,631.37"
107,$115521.11,"$34,796.95"
108,"108,178.75",17592.35
109,278762.62,"22,589.74"
110,$330115.45,$17486.72
111,192709.7,"$6,728.03"
112,$220544.0,26265.52
113,$127125.08,53330.01
114,"$297,089.25",58229.56
115,276932.21,36861.7
116,$365301.86,$47935.23
117,$105153.92,"$57,602.22"
118,188563.52,47806.62
119,"$270,295.55",$32686.63
120,"55,492.48",52618.04
121,236069.11,$47697.87
122,"228,622.19",78196.87
123,$219601.28,$-537.96
124,73378.26,$53311.48
125,232596.74,$48092.72
126,293399.81,"53,320.83"
127,$341996.81,$45973.44
128,"399,484.89",$50910.0
129,"$286,824.65","$45,121.76"
130,318367.77,$41381.06
131,$325294.97,$51558.81
132,"266,491.74",44845.78
133,$59197.79,70615.27
134,"123,159.02",$23398.98
135,"155,827.65",70914.55
136,"97,683.98",49713.56
137,$111042.83,"$22,630.87"
138,$246844.68,79987.15
139,"151,239.79","37,550.19"
140,"180,849.79","20,072.35"
141,"110,728.43","68,983.71"
142,$130367.4,40931.31
143,237960.72,"$51,742.41"
144,"181,511.16",$48050.17
145,"$364,546.15",$11389.06
146,"242,864.75",56395.95
147,"$269,291.99",23099.95
148,"180,186.01","46,885.48"
149,31707.53,"16,892.98"
150,295151.35,"34,262.99"
151,"231,799.62",$571.21
152,"229,803.54",$45090.68
153,236494.06,$45028.63
154,"168,469.66",61213.55
155,197316.39,"1,590.72"
156,77445.13,43260.06
157,"70,929.55","49,861.60"
158,201840.39,"$35,924.10"
159,122055.66,$52410.34
160,"285,824.63","15,994.43"
161,216623.85,36847.13
162,$171611.57,12313.89
163,45192.28,13831.3
164,182111.3,"16,226.82"
165,"$115,239.78",50721.75
166,"83,035.39","1,330.14"
167,"237,366.87","76,496.30"
168,-36688.37,81368.25
169,"242,047.49","32,521.13"
170,182298.95,52567.3
171,"194,132.97",48232.22
172,$153250.19,28033.33
173,"187,725.38","52,976.56"
174,184139.08,38250.39
175,"$303,486.88",32008.84
176,$210048.53,51160.91
177,243003.62,$23960.67
178,"$276,336.40","$50,610.27"
179,274657.06,"$18,111.17"
180,"$341,292.98",10784.37
181,315410.62,55426.85
182,230457.64,"49,616.54"
183,$314581.3,"48,959.17"
184,129558.79,"32,568.12"
185,"126,175.25",58264.77
186,153903.76,"$37,164.85"
187,280419.24,40822.06
188,$154417.91,"29,707.77"
189,"$266,925.07",39359.0
190,"$191,346.39",19957.77
191,261285.59,"62,344.20"
192,"-37,184.03","$50,095.21"
193,154894.97,55578.8
194,93375.19,"4,255.69"
195,158866.68,"22,919.38"
196,"214,262.24",10104.39
197,"179,183.00",41787.87
198,$82265.53,25582.08
199,274702.23,28776.92
200,$221906.64,41574.46
201,"80,469.42","$36,828.82"
202,"242,141.82","$49,687.40"
203,"$308,503.73",41469.82
204,215529.72,$25008.27
205,73716.23,"$61,524.51"
206,"$174,823.63",52180.99
207,"152,524.44","47,234.63"
208,"197,053.37","54,243.00"
209,"192,884.78","67,012.32"
210,"298,224.52","76,352.17"
211,$132793.99,"$-5,645.61"
212,"19,900.93","$32,448.47"
213,$62314.23,"$53,298.51"
214,"$99,878.26",13996.43
215,"$125,726.18","12,680.92"
216,$110013.72,"33,137.71"
217,$210115.96,67252.45
218,$164707.89,33149.11
219,247630.18,50791.8
220,128707.35,$37678.37
221,"292,464.42","45,485.31"
222,"284,036.99",50500.73
223,244433.32,26773.56
224,102007.27,$46852.56
225,"$271,214.17",63796.58
226,"315,317.33",2976.01
227,$199167.45,"37,392.30"
228,$157182.75,"$39,608.73"
229,$126826.73,$34001.08
230,"201,914.46",15744.51
231,$275696.26,28227.9
232,91843.27,"42,938.47"
233,"$44,771.85",$14703.88
234,"$187,708.20","$-3,762.48"
235,188191.54,"13,730.48"
236,297403.55,$38718.99
237,"135,349.93","51,754.98"
238,186785.76,37984.11
239,64786.06,29373.29
240,"$209,722.68",32858.47
241,298920.86,18467.52
242,229075.23,$66617.6
243,179481.63,52914.73
244,"228,791.94","55,085.58"
245,315064.12,"$34,800.99"
246,"$192,677.39",$58587.23
247,$203697.42,"42,094.53"
248,"$267,993.69",28755.81
249,243274.95,33224.08
250,"$412,634.35",
251,"$235,920.03",46352.01
252,"$50,944.78",$70510.02
253,142380.85,"$63,953.81"
254,236852.27,44255.25
255,140399.08,$41345.91
256,"290,544.60",71413.85
257,274713.57,"36,573.48"
258,"$248,595.18","$18,722.31"
259,169549.46,$-1000.23
260,218791.13,$35535.5
261,"108,227.43","$55,137.04"
262,"$225,005.07",60848.02
263,$284323.28,33830.58
264,$333991.1,37835.32
265,45764.49,$21015.51
266,"$123,579.36",17369.35
267,$223516.15,"44,808.81"
268,"241,163.62","45,658.11"
269,258127.04,28806.5
270,$203834.94,5213.29
271,"$345,220.80","$36,802.76"
272,$363421.76,"16,692.74"
273,27893.61,$9568.9
274,279862.8,20985.93
275,"71,980.96",$-7647.23
276,"$164,011.27",
277,"235,130.39","$68,502.77"
278,163727.47,$21844.83
279,"232,085.11","35,594.42"
280,$97646.58,28074.45
281,"230,734.04",62053.32
282,"$214,675.23","41,958.81"
283,"$323,756.47",$16321.43
284,"$142,248.86",50950.65
285,$365233.61,35054.58
286,"156,425.75","47,057.08"
287,163041.06,$24878.9
288,"$426,086.03","3,364.56"
289,"$356,479.42",17308.83
290,185383.89,$27102.29
291,364095.15,$35368.23
292,$107468.9,47774.01
293,400177.34,"-8,781.71"
294,$296100.17,"$31,615.42"
295,178678.03,"82,284.66"
296,"229,448.81",41350.44
297,"330,736.48",30903.56
298,295317.14,"20,591.47"
299,84444.62,$5165.35
300,"$-16,463.32",13959.25
301,"442,835.64",$21572.59
302,106221.7,$53946.43
303,"173,032.33","15,837.28"
304,$433906.63,"$13,832.82"
305,110688.01,"16,478.98"
306,185857.81,$49642.45
307,$260074.08,"8,527.59"
308,"$37,031.80","23,980.88"
309,137721.01,34725.79
310,"383,882.08",$43063.14
311,60728.53,$37373.41
312,246202.54,45728.86
313,187178.27,38856.79
314,"59,197.94","45,631.57"
315,166309.11,
316,"$158,791.44",24693.09
317,220175.48,50064.7
318,185153.93,42857.29
319,120949.37,39022.91
320,"269,159.21",11803.35
321,261623.6,"42,310.33"
322,307883.83,"32,232.70"
323,"150,855.99",49745.85
324,199463.74,40956.31
325,169821.79,$51862.71
326,$330365.92,43209.95
327,103328.45,31452.71
328,$220830.26,"54,741.22"
329,154702.16,9979.01
330,87497.27,39106.37
331,81672.43,"37,482.33"
332,109179.86,58644.11
333,58586.55,"35,181.60"
334,129349.14,39327.09
335,191233.92,"50,296.21"
336,"138,565.55",41192.85
337,188278.87,44583.16
338,$326000.14,46880.49
339,256559.78,54409.5
340,337694.71,"$36,126.85"
341,$353372.7,
342,257587.71,50621.81
343,280839.68,55864.03
344,192153.7,46270.67
345,54539.22,"$82,043.75"
346,248598.45,"58,454.37"
347,63523.2,39881.67
348,$167165.17,"$31,908.48"
349,"208,305.71",38267.3
350,-115580.62,7570.5
351,"$268,341.90",6319.63
352,$74909.88,19669.68
353,$317653.58,32859.95
354,"270,362.28",41790.86
355,346479.46,$6427.63
356,280227.17,44384.8
357,$148402.63,1231.49
358,"-3,373.98",31967.26
359,83527.54,29355.46
360,46285.51,$10829.93
361,308716.27,"$20,587.87"
362,$70363.18,"$47,206.25"
363,201811.08,$38944.01
364,234296.65,"49,669.43"
365,"$514,364.99","42,959.97"
366,207514.34,$60462.6
367,$146866.89,"26,090.13"
368,338637.73,17798.15
369,"149,841.14",28314.51
370,"290,694.60",43461.41
371,180996.27,"21,847.38"
372,138092.0,"15,787.48"
373,$240933.11,"5,539.06"
374,135083.13,$-5569.32
375,176910.66,"-5,947.52"
376,$301137.08,"$35,615.11"
377,134558.52,$32475.36
378,226814.51,68946.56
379,213795.61,38686.03
380,94105.01,13395.07
381,"119,656.21",46702.55
382,203495.89,$12437.66
383,$293907.87,"10,543.98"
384,"198,627.38","36,419.28"
385,109186.85,32146.43
386,"$189,968.64",31581.09
387,124651.36,"-6,652.72"
388,160990.19,40882.84
389,"$210,381.30","44,725.31"
390,"$156,903.15","$57,575.30"
391,"166,771.64",37785.14
392,$144495.61,$-9309.9
393,"$283,613.71","28,372.46"
394,241866.89,"26,905.22"
395,"231,501.39",
396,23056.75,47338.78
397,$224498.24,5459.5
398,364930.45,"$43,195.98"
399,279099.25,$-6714.37
400,"223,156.78",30378.12
401,244112.06,"$8,608.67"
402,19203.78,"$26,350.10"
403,$-21677.04,"47,738.96"
404,365499.21,
405,48021.1,9520.37
406,289835.95,20721.19
407,142987.0,"$41,984.73"
408,290792.12,50278.69
409,210136.37,28221.47
410,143705.63,60809.21
411,330215.47,"4,830.94"
412,33243.98,$-12718.53
413,"$273,257.64","27,796.31"
414,$33052.17,"33,429.25"
415,$226256.2,"$15,091.06"
416,246239.12,"36,060.92"
417,319145.47,$31607.83
418,"$53,607.01","73,575.42"
419,"$120,701.17",53785.78
420,"$336,189.16",44455.9
421,$339609.4,"$24,385.20"
422,"$291,128.05",$13620.64
423,$398194.16,"73,505.42"
424,"$266,717.10","$10,401.04"
425,$70522.15,$49099.6
426,"17,503.01",59600.82
427,$132615.99,"28,390.59"
428,292098.78,"18,905.50"
429,176028.9,50249.29
430,413804.53,33371.04
431,116612.83,$19292.01
432,70936.79,-2105.44
433,$3129.14,27476.94
434,"$197,980.04",$58884.48
435,$260364.0,66654.87
436,"$87,601.58",$27721.81
437,$261347.05,54918.51
438,"284,767.16",38460.09
439,263216.49,$64338.19
440,$345313.4,
441,250972.13,
442,336950.4,$16276.37
443,"127,590.65",59815.58
444,$445027.93,$34717.03
445,$233567.06,$49749.31
446,226679.87,"$59,522.04"
447,"$137,164.23",$30071.3
448,"254,995.87",52846.43
449,"$200,638.98",48619.53
450,"$434,699.35",44450.06
451,317944.74,"45,280.27"
452,$186807.55,"67,779.52"
453,$257832.08,"$28,162.14"
454,296528.65,25965.88
455,93271.5,15421.96
456,287173.3,40890.08
457,$26020.84,"$17,588.31"
458,66801.71,83498.47
459,$33403.47,"$51,420.96"
460,341146.14,42108.87
461,383743.76,38344.39
462,$346146.36,"51,126.52"
463,148319.73,$34130.69
464,92972.01,$72630.32
465,326459.79,54629.15
466,"214,124.99",35938.3
467,$135363.62,"61,144.86"
468,"$272,824.76","$35,074.38"
469,180043.01,39133.97
470,178279.44,$31894.21
471,181740.11,-12520.46
472,$316040.33,26830.81
473,264946.18,20066.92
474,"$193,757.30",19657.92
475,148989.48,"36,570.57"
476,$194606.85,"27,188.96"
477,"$152,115.14",15923.86
478,"47,873.51","70,834.27"
479,"$248,916.66",35653.05
480,$147339.38,"54,471.30"
481,296028.44,
482,261091.19,45928.52
483,300841.61,47895.03
484,340053.73,56689.86
485,"$162,114.38",15665.2
486,420247.46,"$-10,964.68"
487,113990.88,"59,586.17"
488,205243.35,24865.65
489,65053.05,"47,421.96"
490,$189938.41,42217.99
491,251370.02,18074.32
492,199008.52,-5220.32
493,$318191.07,"$30,355.86"
494,"173,582.81",$54475.94
495,$428966.29,$61678.67
496,195637.92,$20951.95
497,"425,559.02",35112.98
498,"112,863.74",37905.34
499,$139458.68,24411.67
500,"$310,303.40","$61,706.93"
501,"319,119.56","19,342.28"
502,$367943.89,33864.0
503,"121,853.69",$35234.12
504,156859.68,35350.02
505,188383.14,54299.23
506,135196.19,"46,221.97"
507,432630.55,15009.25
508,"$273,359.41","32,820.41"
509,"363,646.21","33,706.58"
510,"$434,050.92","51,183.62"
511,"237,948.03",$9858.96
512,233108.08,$39355.73
513,137984.31,31506.64
514,277976.02,$42785.27
515,$283154.49,$48746.21
516,$151254.36,"$28,146.47"
517,$133428.95,"$25,385.84"
518,$107047.6,"$6,703.30"
519,284686.43,68651.45
520,375484.48,62348.23
521,287026.24,48837.83
522,$81341.93,"10,290.66"
523,"65,565.93","$9,555.01"
524,$6948.88,$46028.35
525,"215,879.72","$40,021.82"
526,$261507.16,"46,204.82"
527,195071.77,$52973.95
528,81851.25,$37754.38
529,"223,855.10",$35788.82
530,175913.84,"$40,140.10"
531,"$265,674.09",48683.0
532,158155.55,"$37,537.71"
533,148854.64,"48,834.45"
534,416865.14,$37437.54
535,346855.36,$48386.21
536,"147,625.70","17,601.28"
537,"349,164.80",$3719.12
538,277069.34,$26445.94
539,"$359,212.42",46658.41
540,$86099.81,"$35,564.60"
541,157086.96,"$45,595.44"
542,"115,435.37",$11359.04
543,"$278,711.09","13,545.96"
544,"307,735.37",61053.0
545,$239926.52,"$63,750.99"
546,"42,641.82",$8547.69
547,$283709.06,"$29,839.69"
548,114006.48,"21,008.51"
549,152872.32,14115.89
550,328242.96,"$69,292.10"
551,"391,500.62",39131.51
552,"201,586.12",$30482.6
553,"284,974.32",31075.26
554,"265,146.62",-1296.51
555,"146,680.86","44,719.65"
556,"86,606.11",50139.0
557,"318,194.12","2,938.29"
558,"$343,272.29",
559,$243313.38,41477.78
560,101900.32,29097.15
561,"79,527.90",$18086.71
562,"$98,955.11",$76402.75
563,$347563.89,31906.2
564,"$194,821.93",51204.6
565,"181,531.03","38,356.20"
566,348314.05,$28470.12
567,198910.67,28079.02
568,"$89,207.44",23474.95
569,"116,564.90",$22734.16
570,"$334,629.75",$20085.2
571,$287863.74,27891.04
572,$410278.36,"$44,893.91"
573,$311520.46,125.22
574,"226,488.74",$17888.89
575,400624.33,"50,195.94"
576,183701.84,60048.17
577,265181.61,$23247.83
578,26383.35,-6962.6
579,$219836.59,"$32,282.97"
580,200942.89,$52929.01
581,"196,264.41",30190.71
582,"171,175.73",52833.4
583,220216.22,28804.17
584,$247185.28,10948.55
585,-42033.07,$58716.45
586,291373.62,49803.92
587,"$371,731.92",59352.93
588,"$399,075.32","$38,117.43"
589,297640.3,"$20,484.21"
590,"184,404.92",$18198.58
591,"76,033.74",30560.64
592,304491.76,11733.11
593,347569.67,448.50
594,184227.92,$26093.7
595,82197.92,"57,459.43"
596,"$188,731.14","$42,795.40"
597,$234707.9,18526.21
598,201642.89,36189.13
599,"247,939.19",35307.57
600,"246,520.91",$22066.56
601,$246853.03,"36,682.48"
602,"$270,670.67","$47,232.07"
603,161085.02,30715.16
604,"234,363.79",-558.71
605,50715.08,"17,610.02"
606,225263.26,$27950.46
607,-7134.86,$11467.48
608,"386,041.54","$42,049.71"
609,269508.77,$30560.48
610,185251.44,23393.8
611,"252,459.90",49221.25
612,$247761.62,"62,454.34"
613,309268.66,"58,537.88"
614,192550.78,"$40,690.34"
615,203665.45,$37716.39
616,101774.91,27160.67
617,"194,470.39","17,377.06"
618,"89,827.91","$101,098.88"
619,382593.35,38953.01
620,"$315,517.37",$72989.41
621,234278.36,9532.68
622,$100032.23,$19788.71
623,366630.78,"61,962.93"
624,"318,388.40","$58,450.26"
625,$109050.47,"24,255.78"
626,"277,623.53",32604.68
627,"242,363.68",25443.12
628,258732.9,"66,595.04"
629,117948.42,12804.56
630,389993.39,50156.91
631,193422.68,"4,018.79"
632,$331122.0,
633,204475.15,$6365.65
634,$292637.48,$29941.69
635,375107.05,"$22,647.14"
636,$311125.35,$69008.23
637,199137.93,32947.57
638,257721.89,68057.56
639,432158.55,$30674.39
640,$262860.69,$36678.74
641,$255114.43,39988.97
642,206619.84,62505.94
643,210567.92,3327.38
644,"$219,513.72",$33143.7
645,$203395.54,"$25,500.78"
646,$242263.65,$37849.66
647,$338302.66,$45434.43
648,85874.4,36091.68
649,$84780.08,19210.93
650,279936.52,10276.07
651,"432,754.63",-2590.65
652,"128,113.16",53732.49
653,"88,913.45",$5246.82
654,120282.98,
655,"147,974.50",84108.77
656,"$70,959.07","$30,211.72"
657,157092.06,43785.71
658,"133,268.07","$14,872.87"
659,$278896.07,$87292.81
660,"352,919.91",$14178.1
661,231579.37,
662,361567.84,"$23,290.39"
663,240820.68,$40058.43
664,"$274,961.40","37,718.23"
665,152483.19,45438.55
666,"$215,820.33",$36852.88
667,210245.35,32819.04
668,"$30,327.68","$59,204.65"
669,$278861.4,"70,024.20"
670,"$356,708.34","$47,128.53"
671,296861.36,$33326.27
672,$245087.66,"38,499.96"
673,$121891.01,35012.07
674,256903.06,"$18,181.31"
675,$227804.66,"19,954.64"
676,"242,060.16",51728.52
677,"193,050.64",27152.54
678,"153,971.09",45766.22
679,"$238,637.07",34706.73
680,"$244,756.74",21282.08
681,179267.9,24773.06
682,190755.13,"36,980.34"
683,267720.84,41725.28
684,"256,078.17",$7265.93
685,$117628.71,$22225.39
686,"284,837.30",$36447.95
687,143721.79,27938.69
688,$203714.59,37212.22
689,"350,994.04",28806.6
690,"308,046.04",34472.47
691,"$311,269.68","15,516.83"
692,308506.18,14542.46
693,"175,182.84","$63,414.53"
694,$243718.73,57848.37
695,$244672.27,"60,170.39"
696,162095.28,"15,647.50"
697,"258,459.70","54,463.73"
698,140287.43,$50778.51
699,"252,073.98",$42296.27
700,359003.48,"$8,384.99"
701,195304.18,59663.7
702,"$103,937.37","24,042.86"
703,205604.78,"31,356.34"
704,"275,988.14","$31,717.08"
705,281691.4,$-4545.54
706,$263437.26,"25,318.33"
707,317322.17,53486.01
708,$194103.23,
709,321101.08,73003.15
710,252289.71,"$20,768.66"
711,$418805.17,"$39,618.83"
712,"236,876.82",16717.77
713,140278.24,"37,639.26"
714,$135933.87,$21895.37
715,"$408,172.47",$51791.12
716,$29254.32,41284.62
717,158485.62,90646.97
718,"226,071.21",36748.06
719,$98565.82,66250.27
720,"264,311.04",72841.47
721,"$177,707.84","38,719.19"
722,$69871.63,"32,402.61"
723,261818.3,"$30,434.05"
724,$444070.41,10063.27
725,$153673.62,77030.35
726,"$316,997.96",52883.6
727,"$222,873.91",34545.14
728,$230954.86,33618.18
729,93226.34,$42314.77
730,367785.03,$5531.3
731,155732.8,7998.37
732,114858.08,$28408.24
733,$207866.96,"35,767.67"
734,"215,691.27",18835.87
735,"$228,341.27",11350.84
736,281086.02,71347.01
737,"235,969.42","$27,531.15"
738,"281,958.69",29664.99
739,"105,435.31","12,863.39"
740,"$383,587.33",56521.16
741,"$198,375.74",42599.38
742,266816.16,"16,098.76"
743,223054.42,"5,619.10"
744,62153.04,$22955.47
745,92346.94,"$18,059.61"
746,$188329.08,$24725.21
747,509763.31,64922.52
748,$259277.54,"60,805.32"
749,116144.29,"5,789.65"
750,"$263,099.32",39159.21
751,"187,044.64",47125.28
752,310914.26,"67,066.76"
753,149943.85,10156.43
754,"290,813.94",4251.96
755,122305.42,"$50,186.09"
756,185936.17,$44006.69
757,$229809.39,3496.79
758,"287,032.95",$40514.86
759,232911.13,57143.58
760,"$171,509.25","10,066.03"
761,47193.11,$51085.98
762,158727.14,$34822.57
763,"143,103.07",48033.54
764,"395,816.43",17362.34
765,358203.7,"35,217.64"
766,383628.8,"45,862.89"
767,$355410.25,39253.02
768,"53,332.35","$26,480.80"
769,241030.6,25154.31
770,336759.63,28150.37
771,$159023.5,"68,050.90"
772,"$22,902.98","57,169.36"
773,71867.26,25047.44
774,"148,371.48",$29117.27
775,223352.68,$37965.33
776,$197780.46,"38,071.45"
777,125539.39,
778,$246453.02,$22860.7
779,200800.84,14364.6
780,250574.56,"2,429.83"
781,139742.04,$44814.62
782,287407.96,8194.13
783,"235,377.83","$30,065.26"
784,"201,114.29",$51448.36
785,"141,330.01",63092.43
786,375680.89,$70512.34
787,51511.0,6713.04
788,296583.6,
789,162831.86,$67970.74
790,$238993.32,22202.93
791,190310.12,41350.48
792,"165,713.72",33531.23
793,355201.83,75807.32
794,"$93,116.67",54210.88
795,"205,452.66","27,547.80"
796,141219.47,46518.72
797,"212,248.21",26347.35
798,$378219.36,"22,964.31"
799,"130,676.98",$40843.11
800,"222,663.61",29762.34
801,296443.38,"23,348.40"
802,165230.87,13313.44
803,$174355.34,$51062.75
804,238168.14,
805,"$44,273.64",24482.1
806,74666.38,$49122.89
807,181818.87,"64,649.34"
808,"$42,822.34",13560.88
809,166256.85,44934.8
810,217725.18,8150.04
811,193808.94,26685.74
812,222513.69,44238.47
813,"$143,277.47","21,117.39"
814,"$172,506.16",59980.58
815,"345,959.20",$76963.16
816,$180502.91,$51651.5
817,116478.91,48671.72
818,"18,393.83",36005.48
819,$104336.9,35690.54
820,"$130,399.22",$29812.37
821,"376,165.40","51,608.45"
822,88275.71,"79,398.12"
823,$140884.76,44850.43
824,"23,833.62",12538.96
825,"175,717.24","52,065.45"
826,$278676.92,"$61,784.17"
827,"217,900.79",30165.51
828,"168,190.68","10,357.08"
829,$128012.3,"57,080.59"
830,"261,114.25",$40908.06
831,"$224,782.97",22187.24
832,$141714.74,12148.33
833,343108.35,"34,165.63"
834,265781.98,"62,166.39"
835,"395,043.13","$36,896.61"
836,104276.62,41187.34
837,128160.07,"$4,191.18"
838,"$33,202.12",$47386.95
839,337053.26,"60,441.29"
840,232562.85,"26,508.36"
841,$290196.13,38493.55
842,281235.73,"39,302.33"
843,47830.93,"53,739.66"
844,364204.26,$10349.03
845,73805.76,"49,949.90"
846,"262,157.54","$65,899.75"
847,263050.47,57033.27
848,"214,317.10",$41863.72
849,47342.68,40679.98
850,199611.57,36228.73
851,"322,991.96",64097.14
852,"263,075.00","$42,195.86"
853,$252732.03,$22275.38
854,"$362,550.46",$13467.0
855,258258.83,"-1,489.67"
856,$264035.69,"-17,303.39"
857,"$105,609.59",49440.28
858,211312.15,"$48,051.33"
859,$143971.68,"$12,575.27"
860,41322.17,"$55,019.95"
861,203901.09,49028.62
862,$195205.15,10945.45
863,$264625.68,24871.2
864,"$191,874.43","$22,162.88"
865,-5652.21,"26,520.81"
866,$371016.9,"14,594.44"
867,296396.2,41971.09
868,226322.29,"$23,715.78"
869,240283.02,"64,136.70"
870,157681.62,$37576.31
871,$128261.26,$67243.0
872,9389.8,"$20,169.04"
873,178003.41,$7098.14
874,"1,313.98",61758.66
875,351490.82,$26276.38
876,"211,876.55",48873.22
877,219460.69,"28,176.07"
878,$102841.74,"24,040.71"
879,"$138,747.65",$34665.04
880,"$220,446.92",$19812.83
881,320911.36,43819.01
882,"137,376.39",25907.97
883,"194,535.06",$78652.73
884,127975.06,3277.23
885,"$178,221.96",30742.59
886,65861.73,-6146.05
887,"138,974.21",17961.89
888,$22315.6,46925.9
889,"249,556.62",27731.04
890,330583.88,$54726.77
891,"$66,281.49","$29,219.42"
892,$141756.68,"69,209.22"
893,277122.0,33653.33
894,-4329.96,"$36,946.69"
895,"218,771.07","16,111.64"
896,276803.4,"$11,073.86"
897,263387.68,"26,938.25"
898,164364.61,$47700.87
899,$49456.36,
900,313278.07,"21,515.08"
901,231896.19,$27079.7
902,$243096.37,38313.74
903,216707.82,$61231.58
904,$205107.35,34935.26
905,"$167,667.41",$58497.84
906,"224,000.71","37,172.98"
907,"$260,770.41","$22,767.40"
908,205917.18,47368.86
909,133505.15,"23,654.24"
910,362910.79,$34344.12
911,$356655.92,"39,259.80"
912,$103400.54,18758.73
913,$148042.21,25786.67
914,"346,384.38","$-8,301.66"
915,109096.96,46304.43
916,182647.39,"30,874.99"
917,$301484.43,22969.93
918,"$161,606.23",54024.13
919,"$385,003.78","$56,674.63"
920,167476.56,"27,255.77"
921,154872.26,56917.99
922,"$304,765.61",55987.5
923,"303,188.67",$33214.45
924,"$173,073.59","$25,163.94"
925,"$454,632.68",17836.13
926,"141,977.62",10153.26
927,"174,720.07",$32757.43
928,92071.92,24315.36
929,175332.4,44031.12
930,"$530,411.50",$56953.01
931,"$15,558.35","31,233.31"
932,181858.4,"42,625.11"
933,"160,598.85","62,335.47"
934,"253,140.03",33520.66
935,"279,122.05","20,772.15"
936,$307680.44,"25,329.79"
937,"287,060.25",70513.41
938,272033.4,$19773.74
939,71054.2,
940,"186,616.21",$37520.45
941,$286971.71,"$25,479.62"
942,$258579.35,49620.02
943,140835.53,36643.55
944,244896.81,7659.85
945,283501.7,$7979.78
946,"$262,961.85",$40089.91
947,272950.0,"-10,421.11"
948,320715.41,35560.2
949,49265.87,30502.88
950,"377,448.19","63,268.78"
951,122194.54,"33,280.97"
952,84593.71,$62553.88
953,318278.52,38757.42
954,"299,571.25",18525.0
955,$257130.87,$11668.29
956,"$334,359.94","$29,225.79"
957,$159842.42,$36099.6
958,251835.69,14786.76
959,281658.65,$15774.25
960,"158,108.19",51825.13
961,$236782.82,79578.58
962,"96,241.27",4996.6
963,178232.05,76773.6
964,253981.97,26013.27
965,43491.15,12027.57
966,"$111,705.21",58073.42
967,"102,048.10",37433.64
968,"320,001.55",36309.47
969,$338760.45,"48,899.36"
970,83551.67,"64,442.40"
971,233085.25,26639.85
972,202300.35,31825.2
973,$450836.44,$12027.55
974,75850.15,12506.2
975,"$198,306.40",28959.21
976,"$228,309.27",$28335.81
977,"219,195.65",18202.12
978,"146,405.76",57165.71
979,"285,475.80",12627.14
980,"164,643.99","31,226.11"
981,201473.48,"41,683.45"
982,$147968.06,"$33,674.13"
983,263596.31,6659.85
984,"214,807.77",47120.52
985,"$542,853.47",68523.92
986,"$309,014.37",$61329.19
987,222263.57,"6,383.45"
988,189946.29,40396.8
989,$82368.3,69337.08
990,70663.98,33984.82
991,207276.45,36687.09
992,331915.73,"5,262.67"
993,360266.82,57887.01
994,"$175,029.80",63940.87
995,298285.64,58862.05
996,"258,990.51",$42634.4
997,166045.53,30179.31
998,263340.95,"44,203.81"
999,"314,072.06",49531.19
1000,104866.31,"$53,403.89"
1001,180015.19,22073.19
1002,"$243,631.50",21268.7
1003,308195.97,"42,140.97"
1004,294912.02,"$63,237.68"
1005,"198,544.91",$51517.99
1006,$369418.72,45027.73
1007,392645.57,56111.42
1008,-32326.83,$51327.12
1009,84925.29,"52,742.75"
1010,253386.83,"40,200.63"
1011,$146483.02,54483.43
1012,234570.46,$53042.26
1013,232988.32,"$55,539.17"
1014,"453,936.55",48155.7
1015,$70080.24,$18380.38
1016,$209230.94,"$4,413.32"
1017,$71826.3,58508.43
1018,289638.18,"39,856.41"
1019,"281,568.68",31613.55
1020,90585.97,$38688.43
1021,379049.68,"$25,314.04"
1022,"$112,082.83",$52844.18
1023,323867.22,62984.41
1024,"$164,111.43","$35,376.72"
1025,167224.45,$33582.7
1026,237884.14,15294.48
1027,$384941.55,$36231.55
1028,"229,490.59","$64,140.62"
1029,$176658.07,27516.61
1030,$138270.47,"21,974.29"
1031,245263.27,"52,313.05"
1032,$186681.63,45035.13
1033,59716.97,22809.9
1034,"$26,242.92",$44433.09
1035,"61,802.25","$55,995.01"
1036,120634.59,$9071.22
1037,$136637.08,"$34,127.05"
1038,$247680.1,929.50
1039,398532.84,"2,354.75"
1040,"$254,462.04",-536.57
1041,$227559.43,"39,996.54"
1042,157250.71,$54827.81
1043,$371686.82,$41616.69
1044,"180,316.74","$17,546.30"
1045,$295280.49,39548.49
1046,253087.23,763.09
1047,"$166,166.27",51352.9
1048,213297.31,7242.12
1049,"$134,476.78",$56504.14
1050,178883.06,$65058.01
1051,$211551.46,$52161.42
1052,"175,742.69","48,119.60"
1053,310595.32,"-9,962.56"
1054,$130689.6,"37,713.47"
1055,$284632.08,36944.84
1056,$88687.84,"31,032.82"
1057,238094.45,31122.03
1058,124240.8,"21,052.67"
1059,$354444.64,"12,409.81"
1060,238114.56,$-7803.0
1061,"$193,866.82",17708.2
1062,$308283.86,28165.86
1063,"$172,158.73",67867.9
1064,"$208,932.51",27829.88
1065,$32958.31,
1066,97963.56,$53326.0
1067,"$181,898.40","58,998.57"
1068,"291,039.63",46583.86
1069,466268.75,"31,817.31"
1070,128440.8,21139.77
1071,$320515.92,50882.45
1072,$91414.37,88330.87
1073,"95,506.09","59,647.41"
1074,"$154,595.82","35,823.29"
1075,"296,035.72",$39380.63
1076,"68,737.79",42453.42
1077,$114988.9,"12,745.82"
1078,194004.12,"35,151.46"
1079,$276310.19,"28,014.45"
1080,"140,700.52","$31,645.41"
1081,244759.07,"42,676.34"
1082,$162190.43,"$17,390.76"
1083,-65782.48,"46,501.63"
1084,"164,023.58",43945.04
1085,"164,157.21",24718.75
1086,$242868.13,59444.6
1087,$55982.19,16308.41
1088,"541,522.97","25,485.55"
1089,"265,430.73",$32077.69
1090,209594.86,"72,248.30"
1091,363362.87,42557.93
1092,"329,883.58",28458.57
1093,$212787.53,23256.58
1094,"$144,658.63",$34509.87
1095,"$198,925.56",$46945.2
1096,19286.21,38613.52
1097,"19,295.73",$1.76
1098,202313.13,72765.24
1099,"$68,518.82",$48212.73
1100,156779.5,42582.29
1101,156712.71,"36,167.37"
1102,40681.83,$15610.35
1103,$230609.73,"$4,340.25"
1104,247844.22,"55,779.15"
1105,364243.15,$34840.13
1106,296776.5,$46456.55
1107,"241,827.63",23363.78
1108,$192151.91,
1109,$188991.85,26838.37
1110,"256,524.86",35888.07
1111,"$317,958.57","38,797.98"
1112,201596.04,
1113,$225494.94,"29,915.33"
1114,$199646.44,57649.31
1115,"$304,563.02",21555.6
1116,"229,448.34","33,795.10"
1117,"88,710.44",45253.06
1118,182509.36,49071.16
1119,122397.28,3735.31
1120,$222631.77,45470.69
1121,97859.5,34032.77
1122,358399.02,"$31,964.98"
1123,"240,441.42",$41535.99
1124,209802.55,"$14,606.36"
1125,372652.88,29440.7
1126,41431.79,"$9,208.45"
1127,"351,998.87","16,396.95"
1128,350983.69,54571.86
1129,"284,695.77",12733.03
1130,"$234,535.55",$6937.11
1131,$288613.37,$54244.38
1132,$257651.28,"41,655.68"
1133,309885.62,35495.28
1134,$74124.21,32068.29
1135,"$195,644.74",$65328.21
1136,321757.41,$33042.81
1137,204013.77,49948.79
1138,271610.01,"$58,926.53"
1139,"$321,968.54",29454.01
1140,$155393.22,48543.37
1141,$217786.08,55048.61
1142,$342303.38,$47536.5
1143,144884.14,58011.17
1144,210852.57,19943.72
1145,198308.26,"$26,011.64"
1146,"325,252.64",58604.2
1147,118617.35,"$16,961.85"
1148,$204396.92,$49891.31
1149,35137.47,"$26,831.06"
1150,301389.89,$73507.94
1151,"110,863.74",$891.77
1152,$381577.01,"$-26,716.28"
1153,438875.65,$30338.94
1154,$232596.0,"43,570.59"
1155,$436915.66,$3272.46
1156,$199693.08,60458.05
1157,"187,788.14","16,483.88"
1158,"$207,220.62",85885.28
1159,186460.53,"29,023.13"
1160,170504.8,56396.91
1161,215221.05,51072.66
1162,201852.12,32646.02
1163,89626.31,$43614.22
1164,"295,354.96",$51763.6
1165,409354.9,59440.67
1166,$365662.62,"-14,428.45"
1167,"$60,539.27","50,971.69"
1168,"183,538.27",46636.84
1169,207641.22,
1170,"142,563.40",34404.98
1171,359766.47,"$50,330.56"
1172,184963.61,12108.77
1173,94985.45,60996.43
1174,"287,598.39",23044.64
1175,"$157,884.63","49,061.47"
1176,$240280.0,46248.91
1177,$3596.73,37398.3
1178,"286,099.90","55,175.37"
1179,$149109.67,"$15,607.35"
1180,"245,567.71","33,216.49"
1181,211326.48,15592.32
1182,"183,580.27","53,662.81"
1183,$348593.3,"17,819.80"
1184,277897.16,"42,891.89"
1185,150369.91,"$9,924.11"
1186,$-14833.77,
1187,251575.34,$37518.61
1188,45405.49,50167.0
1189,$130276.6,59447.3
1190,248415.63,"31,406.09"
1191,263544.25,32409.04
1192,195789.69,32812.33
1193,"391,019.48",$-475.63
1194,60823.9,1996.38
1195,$298057.12,"$13,779.59"
1196,"236,785.82",44842.06
1197,326820.0,42917.57
1198,209813.72,11447.35
1199,88936.9,31692.33
1200,47619.53,33736.8
1201,"258,100.08",20985.35
1202,234170.69,30.31
1203,"266,001.22",3762.08
1204,$206462.16,$804.54
1205,193542.42,"7,905.52"
1206,$57950.08,52672.45
1207,243651.3,17952.57
1208,380739.56,"32,454.58"
1209,167216.39,"$62,240.80"
1210,"139,422.38","6,999.96"
1211,$324758.5,$43104.45
1212,89822.78,$55905.14
1213,238012.32,"17,166.13"
1214,$46246.05,50055.09
1215,"$398,768.36","3,741.44"
1216,$204211.15,$15572.86
1217,"$177,270.78",39174.75
1218,$112158.88,44254.35
1219,"376,236.69",817.14
1220,169440.52,"$10,435.42"
1221,"$168,062.82",-17612.55
1222,258730.57,36895.12
1223,"344,064.51",$44346.36
1224,-34902.4,$21276.77
1225,160493.12,"72,449.56"
1226,293650.98,"64,234.85"
1227,106528.85,"49,101.10"
1228,"258,820.66",16493.79
1229,$40725.77,"$73,747.10"
1230,430168.02,55324.1
1231,"161,696.18","$77,856.92"
1232,133204.35,15716.12
1233,"250,466.03","$59,071.02"
1234,"337,394.16",$4301.29
1235,$273973.41,"$38,981.08"
1236,"$253,297.17",$35697.94
1237,182086.08,"$46,798.53"
1238,$161576.01,"48,609.84"
1239,299137.38,"7,066.83"
1240,$80773.96,22184.65
1241,"319,204.32","22,154.64"
1242,$62665.86,"$35,832.32"
1243,440174.01,59791.97
1244,291497.64,"$75,105.29"
1245,221295.6,29994.47
1246,453310.51,"$37,615.96"
1247,"271,501.58",44667.14
1248,$247038.07,$73708.21
1249,"56,446.76","30,370.10"
1250,"362,921.27",$50489.74
1251,"170,825.94",74050.56
1252,"$183,917.33",2311.31
1253,$95918.94,17474.94
1254,$170514.59,$34428.93
1255,$276541.61,42445.33
1256,187319.7,"12,232.64"
1257,155187.32,$9413.09
1258,245034.83,19864.81
1259,$314598.14,39813.79
1260,"$215,485.82",$32581.73
1261,308090.23,$39480.35
1262,$196974.38,"$22,997.77"
1263,"$87,509.42",17938.43
1264,231575.87,38268.38
1265,"$207,556.08",$46215.92
1266,"221,032.21",68540.51
1267,$233623.73,41940.74
1268,"321,310.80",47666.48
1269,150799.7,46554.04
1270,205293.78,"54,029.69"
1271,223035.15,54916.93
1272,175649.98,$27706.25
1273,344143.64,55726.9
1274,302067.61,
1275,32502.72,36455.58
1276,"$12,521.95",$41544.82
1277,$118265.73,"-24,306.95"
1278,"76,451.22",$43919.22
1279,"394,653.10",38606.82
1280,525089.32,"43,786.11"
1281,"225,715.93",$29196.91
1282,"$174,509.87",23365.9
1283,"201,569.41",40300.85
1284,"$303,821.41",41719.8
1285,"253,341.45","37,821.72"
1286,"$193,975.58",$2674.77
1287,"123,913.96",$15157.1
1288,$372270.67,27257.63
1289,193653.14,"41,240.60"
1290,308078.62,"$39,033.47"
1291,"$283,739.27",
1292,341375.24,"18,724.93"
1293,"240,143.71",10382.49
1294,202691.88,20451.81
1295,"$281,311.03",40697.46
1296,35566.13,40827.75
1297,103114.94,58269.83
1298,$157068.95,"41,836.48"
1299,"246,872.75",$65285.03
1300,391459.17,$17829.3
1301,$288683.46,
1302,58418.15,$20067.68
1303,"126,775.06","35,093.72"
1304,133901.02,$38706.88
1305,250820.94,$46696.12
1306,"$27,958.11",54832.09
1307,"$221,090.40",57841.56
1308,$257556.52,"$48,989.70"
1309,$251676.21,
1310,272847.97,"-2,395.02"
1311,$112175.97,"$44,079.81"
1312,270276.45,"22,197.84"
1313,301249.57,45177.26
1314,37532.85,"$11,693.87"
1315,232254.38,-5944.1
1316,184693.58,$33507.62
1317,"186,819.93",31370.63
1318,$215916.76,65509.53
1319,$350936.21,"$22,841.23"
1320,$114980.78,39455.1
1321,"$297,814.61","$47,900.15"
1322,$346988.34,33874.81
1323,173983.92,33416.54
1324,$234499.0,62921.05
1325,"$131,915.08",$25175.75
1326,355582.56,9074.65
1327,193253.02,$68245.87
1328,$343094.05,"17,119.17"
1329,$224360.62,"13,357.31"
1330,157401.63,"30,288.05"
1331,276987.7,3195.27
1332,245301.81,"47,978.01"
1333,$231712.65,"$-4,690.49"
1334,$369067.54,"28,439.16"
1335,-46877.05,$62639.93
1336,$125930.71,41496.49
1337,"199,765.86",$47460.61
1338,$183114.8,54302.74
1339,236341.22,38402.77
1340,"$170,392.13",62801.33
1341,334941.1,7673.76
1342,230524.33,42693.92
1343,"266,842.82","39,424.11"
1344,276097.92,24673.72
1345,275252.55,56079.84
1346,$161004.38,35642.9
1347,"162,708.06","66,157.82"
1348,159518.8,$39740.71
1349,"$48,841.25",$24731.31
1350,292262.63,22786.44
1351,$131032.02,"34,916.94"
1352,$216252.78,"$33,046.91"
1353,"$329,796.02",$59942.24
1354,214766.84,32654.91
1355,194884.9,40588.5
1356,"42,190.00","$23,333.35"
1357,"319,014.71",58752.56
1358,"$231,939.70","51,545.98"
1359,$162328.92,33099.88
1360,$287239.25,-4843.75
1361,22302.29,$71352.56
1362,202366.79,"25,407.94"
1363,"229,347.27",
1364,171545.56,58888.3
1365,8431.33,38980.29
1366,43493.21,32987.12
1367,"$392,598.80",30176.47
1368,"277,540.02",12092.68
1369,626782.46,"56,395.92"
1370,"251,112.88","57,960.90"
1371,"251,817.77",$13026.39
1372,"174,268.93","$43,840.86"
1373,$193045.95,"$59,259.87"
1374,138606.66,"22,660.55"
1375,"87,880.76","23,278.04"
1376,"215,877.54","12,345.12"
1377,$100246.23,"$38,675.32"
1378,$81314.56,"$64,783.33"
1379,187553.74,"$77,882.16"
1380,"242,135.48",$41962.58
1381,$-43288.0,"$37,530.55"
1382,$182262.05,10344.32
1383,"287,656.44",29393.96
1384,"92,077.68",23657.71
1385,"243,306.49",55565.34
1386,$202706.34,22953.06
1387,"222,654.33",$55619.17
1388,110179.63,"$32,106.21"
1389,150422.64,43298.04
1390,-46087.65,"$41,360.32"
1391,$198142.79,46829.17
1392,"209,827.39","33,310.82"
1393,"207,116.03","13,485.93"
1394,$202198.42,$26184.43
1395,"$223,169.94","33,736.73"
1396,$247663.32,20369.75
1397,260375.78,"36,429.33"
1398,447099.33,"$62,142.58"
1399,176314.12,22384.43
1400,172510.78,21313.97
1401,"$478,710.26",$26362.4
1402,"$342,710.28",$31645.44
1403,60325.74,72734.79
1404,"$312,234.21",49814.17
1405,250988.05,"46,714.32"
1406,$128572.67,33842.13
1407,"$259,775.95",3979.52
1408,"123,452.94",44114.03
1409,"$127,189.45",20115.64
1410,"236,889.75",28129.2
1411,307017.57,27957.41
1412,288743.31,$63499.75
1413,$127992.69,"$32,944.49"
1414,$242163.49,"67,677.68"
1415,"127,437.15",24549.75
1416,68981.31,$31664.49
1417,$135127.29,"$42,609.03"
1418,$314510.02,"40,846.23"
1419,$177946.86,$15758.95
1420,"$116,476.83",52131.04
1421,$392737.3,35285.06
1422,$282517.06,$54104.71
1423,"$358,335.93",16769.27
1424,140405.73,$23675.13
1425,$29837.32,$53482.87
1426,"$334,701.45","68,515.85"
1427,"77,011.79","19,425.11"
1428,41180.51,42140.57
1429,$323378.64,"32,363.35"
1430,"101,038.12",26416.93
1431,47284.29,51251.73
1432,"203,615.31","$32,178.76"
1433,"185,406.62",26355.3
1434,145496.23,$24160.85
1435,"$248,409.70",$42810.35
1436,"$432,398.33",39857.87
1437,"$271,190.79","46,031.87"
1438,-14929.02,50781.05
1439,$330635.44,"41,281.83"
1440,$257410.61,44671.56
1441,89345.89,1477.3
1442,$113134.55,"16,361.80"
1443,$253768.79,19038.26
1444,"221,545.33","14,550.57"
1445,"80,524.13",12214.45
1446,498083.48,49656.25
1447,21811.87,$23905.39
1448,"195,614.88",65374.39
1449,"362,468.97",31893.21
1450,"161,236.92",$14764.59
1451,176558.85,46521.22
1452,260759.05,$55084.72
1453,$215267.85,-9226.27
1454,118792.25,"2,176.13"
1455,222139.76,"30,893.52"
1456,"135,796.01",25319.41
1457,101601.37,16703.05
1458,"$303,850.37",31837.22
1459,"$189,116.21","14,687.79"
1460,"212,504.11",21308.72
1461,$203005.14,17541.15
1462,196548.68,38604.0
1463,312329.2,"$8,659.01"
1464,"137,799.84","31,641.60"
1465,175935.96,36109.97
1466,255752.94,
1467,123644.61,31243.77
1468,"172,659.08","$15,674.55"
1469,"$169,305.60","$56,767.81"
1470,"$105,684.70",53348.88
1471,"$222,642.79","30,422.83"
1472,165058.86,23614.77
1473,"85,800.13","$56,180.71"
1474,123161.12,34315.14
1475,$284053.99,38885.66
1476,355730.8,"40,198.08"
1477,267713.77,41124.03
1478,-28976.82,"$43,709.51"
1479,162341.36,"33,749.80"
1480,$238767.38,72826.05
1481,375385.5,28628.3
1482,$171712.49,"$67,657.16"
1483,"$276,846.67",34428.19
1484,6607.59,$29828.24
1485,45572.6,"47,525.27"
1486,"251,900.29",31361.19
1487,224370.47,60304.36
1488,"137,654.39",23709.44
1489,$292381.97,$31079.14
1490,$229991.58,-14781.25
1491,"323,900.28",21616.98
1492,$245364.03,12791.55
1493,238040.04,$55901.53
1494,444355.88,-1310.51
1495,316226.81,"28,794.49"
1496,"271,533.65","24,085.68"
1497,"$153,523.31","-8,784.78"
1498,"162,931.07",56107.03
1499,-51724.2,45362.64
1500,"$298,386.05",$39305.22
1501,166039.01,32940.43
1502,130844.47,"$30,516.27"
1503,$358904.58,21708.02
1504,156483.92,34594.92
1505,194768.47,26901.69
1506,"-24,652.20",34266.45
1507,308813.21,52864.1
1508,"$318,357.59","32,762.94"
1509,"52,542.26","$43,210.11"
1510,$331509.77,$40171.03
1511,$-45911.67,$20051.41
1512,198263.62,"31,448.61"
1513,"128,870.24",$61150.65
1514,"218,388.56",44392.78
1515,395236.19,"20,515.52"
1516,297875.58,$28562.14
1517,429505.26,21930.64
1518,116066.85,"47,423.02"
1519,$295279.83,"39,253.76"
1520,75683.0,29201.07
1521,34074.6,"13,290.59"
1522,"146,046.57","56,993.82"
1523,$344369.63,"24,705.26"
1524,"$176,926.57",$30619.27
1525,122798.15,35260.27
1526,262918.02,"58,899.32"
1527,"147,113.39",53746.34
1528,"199,519.37",27571.39
1529,$116785.98,"$51,395.85"
1530,"190,211.94",57326.77
1531,$136093.61,51813.84
1532,84068.97,
1533,221843.38,36044.1
1534,222681.11,32704.06
1535,"320,546.43",41387.03
1536,$33487.89,$13670.29
1537,449746.03,$4547.89
1538,278763.0,"42,397.95"
1539,$228266.86,-15183.27
1540,"212,600.87",$37483.32
1541,$164251.51,21371.41
1542,$104135.88,"9,882.36"
1543,"148,650.45",29848.98
1544,334561.03,"9,952.25"
1545,"$181,459.42",34678.67
1546,$202600.06,"60,939.36"
1547,235210.6,"17,372.00"
1548,"$171,041.86","18,453.49"
1549,85999.79,52115.44
1550,307066.51,$8111.1
1551,269198.46,63399.12
1552,$232873.95,32873.89
1553,"95,380.01","34,962.41"
1554,$137552.61,29838.23
1555,"367,487.73","$41,707.42"
1556,"98,539.22",46016.43
1557,$142345.54,38467.43
1558,367289.94,$34498.68
1559,"138,579.26",50861.08
1560,295258.15,67018.94
1561,$148989.27,$29205.92
1562,$121278.26,46256.18
1563,22890.39,17713.7
1564,310627.43,"16,970.02"
1565,"276,688.05","$21,948.71"
1566,217128.45,25524.45
1567,133268.66,12951.34
1568,"99,327.90",29603.5
1569,"$141,868.20",$24854.99
1570,"194,924.14",$12702.06
1571,$117027.68,$-1548.98
1572,301785.14,"12,910.33"
1573,"154,956.76",45334.16
1574,154357.11,"$12,043.79"
1575,$293078.16,"34,939.85"
1576,206317.12,$21689.62
1577,"333,722.74",19240.45
1578,$179448.7,31349.0
1579,$30370.01,"$49,597.03"
1580,179475.63,"30,887.70"
1581,"334,518.38",$25032.03
1582,14066.84,"5,080.70"
1583,180672.88,27652.17
1584,"$150,336.89",48913.88
1585,"$184,405.43",$60498.99
1586,$289467.31,26047.1
1587,$231394.21,$-4039.27
1588,"256,573.45",51250.15
1589,"176,855.81",46867.14
1590,$324096.07,81544.29
1591,$175090.0,32617.16
1592,250015.99,$50141.17
1593,416196.91,$49904.21
1594,$102033.05,"37,970.14"
1595,"122,716.37","31,848.98"
1596,196318.17,55781.43
1597,$310597.36,"$58,068.80"
1598,"379,337.80",42500.43
1599,318374.56,"47,137.68"
1600,304151.2,"$48,188.83"
1601,228155.6,17699.28
1602,"$300,748.10",11984.79
1603,"294,266.41","31,276.88"
1604,187670.28,"25,099.35"
1605,$219826.77,40986.23
1606,"38,781.43",30216.95
1607,209804.0,$70602.14
1608,334619.27,$52931.34
1609,"445,500.87",55426.11
1610,"79,073.26","4,173.46"
1611,$164911.7,"34,296.24"
1612,114144.34,74816.97
1613,$267823.96,-110.00
1614,$161654.53,59891.24
1615,"$385,696.26","$3,911.40"
1616,"130,792.21","$20,108.88"
1617,$129450.03,32316.81
1618,"37,558.06","16,990.02"
1619,189814.35,7972.68
1620,$273557.98,48966.89
1621,$185451.87,$-34956.7
1622,212105.37,$-656.28
1623,193008.77,$47125.15
1624,264539.69,"18,824.03"
1625,"$247,985.18","64,437.40"
1626,"420,253.52","34,205.03"
1627,192272.6,76276.28
1628,"-16,323.06","12,663.70"
1629,62376.8,
1630,$165376.1,11510.39
1631,153276.52,$57756.28
1632,20915.73,21108.87
1633,"226,178.49","14,873.68"
1634,"$293,095.76",29366.58
1635,"192,912.33","$11,040.85"
1636,97828.58,47918.51
1637,139178.56,46913.6
1638,173176.29,$17594.24
1639,$123360.05,63114.92
1640,$111513.55,"$32,815.81"
1641,273850.81,51276.51
1642,"215,897.71",$35606.56
1643,239841.04,"$23,811.67"
1644,132733.26,"70,195.13"
1645,$168459.27,38294.41
1646,"172,446.38",20651.87
1647,146671.69,$46986.13
1648,180183.05,"$-1,425.73"
1649,301903.06,"36,137.35"
1650,$383358.09,$44831.1
1651,"193,851.13",3788.98
1652,$320526.24,52066.99
1653,179828.27,"52,023.95"
1654,"$167,501.41",36399.43
1655,287063.32,28111.47
1656,243381.05,"10,183.40"
1657,60395.41,"$36,635.81"
1658,"271,510.72",55835.49
1659,152865.84,$21198.09
1660,244658.34,"10,816.88"
1661,159075.1,59806.2
1662,$182890.15,$57302.67
1663,"172,277.12",40849.57
1664,"$125,004.14",59780.52
1665,195420.99,$55057.01
1666,$159736.82,55571.42
1667,"$432,984.24","7,487.59"
1668,225786.88,$36811.94
1669,"190,478.18",$56359.25
1670,359406.58,69755.3
1671,"264,239.67",35399.46
1672,260270.82,"32,659.66"
1673,"434,774.39","45,969.44"
1674,"$274,528.86",$-272.19
1675,86408.63,"$13,914.82"
1676,$199353.09,11387.67
1677,$295540.56,$15218.73
1678,"211,379.84","27,510.53"
1679,"155,576.16",33868.52
1680,220470.18,"$59,345.74"
1681,150956.32,"$57,466.00"
1682,313867.16,19142.14
1683,$69204.68,"$31,741.94"
1684,$310895.73,11768.32
1685,"$216,845.63",38093.31
1686,$12756.64,$27895.46
1687,226625.92,$38905.23
1688,$258321.81,"34,786.16"
1689,"$178,580.72",$19164.05
1690,150339.73,33414.4
1691,"$205,395.66",29419.3
1692,$96931.84,"$13,221.84"
1693,236148.35,"$7,933.74"
1694,220376.53,"37,285.19"
1695,155193.6,"45,927.34"
1696,"123,702.81",42215.56
1697,"$191,844.36",48730.33
1698,"305,046.13","18,840.73"
1699,"$279,441.67",53798.07
1700,$351965.8,4947.97
1701,"$405,692.12","43,724.28"
1702,"260,996.81","$46,539.42"
1703,298570.47,72427.68
1704,"351,126.21","$29,365.78"
1705,$27390.73,23494.02
1706,$123638.61,"64,853.55"
1707,170443.99,$40936.92
1708,335758.22,44086.32
1709,"96,737.46","38,019.06"
1710,269697.87,$69069.25
1711,"74,765.76",10506.3
1712,191447.71,$76299.35
1713,$220027.24,13784.54
1714,292360.78,19397.45
1715,226676.99,"$51,837.93"
1716,$93432.83,"$18,515.00"
1717,227981.23,49038.72
1718,"259,377.27",$32566.71
1719,"352,778.44",49256.36
1720,$136548.85,$52353.45
1721,215898.86,18493.62
1722,$57886.25,$17713.9
1723,224656.67,31864.6
1724,116074.73,8886.53
1725,"$245,686.23","$48,026.57"
1726,$198039.73,35051.45
1727,145325.72,-13303.4
1728,$182809.93,"29,818.54"
1729,"$238,621.27","1,886.67"
1730,$214475.8,"$59,088.31"
1731,"303,042.03",22625.35
1732,"275,526.84",$22827.61
1733,$410595.72,63610.39
1734,$329775.03,$50774.49
1735,559651.24,35807.4
1736,"$239,387.47","26,511.69"
1737,$145268.58,$13074.3
1738,314731.63,"19,252.75"
1739,$67640.03,5214.05
1740,$265767.06,$40867.43
1741,97826.93,37342.01
1742,325018.95,72885.28
1743,$306007.51,$43001.17
1744,"299,061.66",
1745,"$179,201.27",$54240.1
1746,"107,010.99",7854.4
1747,"25,144.56","36,410.28"
1748,255792.4,32866.02
1749,"284,478.18",35522.56
1750,225954.68,-7395.08
1751,241551.27,31981.41
1752,317626.34,2642.14
1753,"76,087.65","50,578.30"
1754,$166257.92,$7244.2
1755,"$14,939.02",32007.2
1756,"106,797.19","11,056.12"
1757,$201809.13,"40,336.85"
1758,$246201.48,18877.45
1759,"359,908.40",86616.89
1760,315485.14,10516.1
1761,"307,402.03",6303.64
1762,$-62208.03,46047.46
1763,115689.9,94442.84
1764,"$86,760.15","$54,969.16"
1765,"85,190.62",40811.34
1766,198703.02,"$63,294.92"
1767,102842.9,"75,198.30"
1768,"167,149.07",324.52
1769,"251,548.36",24544.96
1770,159434.96,10097.91
1771,"9,152.90","12,057.54"
1772,"$142,371.01","66,416.39"
1773,198107.52,"$73,667.10"
1774,302703.94,-4545.62
1775,"145,834.35",$67339.25
1776,$366797.09,"$11,927.63"
1777,163229.24,"$45,872.82"
1778,391358.63,14487.69
1779,"$122,161.30",81133.26
1780,$233737.27,"46,080.60"
1781,272379.12,34127.7
1782,"$218,558.32","36,691.18"
1783,290766.99,$49644.12
1784,289659.12,13366.7
1785,"305,327.82",37224.35
1786,"$-21,849.80",$-756.96
1787,"$-2,510.64",$52343.2
1788,99997.16,39282.77
1789,"$187,617.10","37,545.73"
1790,$27216.85,
1791,"113,864.65","53,016.44"
1792,$370611.91,30639.11
1793,132165.51,49433.73
1794,$302398.99,5520.35
1795,$139630.4,30705.09
1796,"315,453.25",$30314.38
1797,176216.25,"65,091.81"
1798,263515.21,65416.82
1799,98467.32,23528.48
1800,$371081.31,"30,869.34"
1801,184126.05,$58121.21
1802,169163.86,$36951.73
1803,$13774.67,33145.68
1804,324876.05,12386.8
1805,$119089.47,"19,065.89"
1806,"232,497.59",2344.23
1807,204211.95,"$28,931.38"
1808,"-22,567.35",33075.34
1809,"96,749.48","$24,463.58"
1810,58914.35,35178.56
1811,229525.57,49482.8
1812,"$348,011.89",$3901.84
1813,$191977.77,38085.11
1814,$40376.52,"29,419.51"
1815,$181116.55,"$40,356.44"
1816,455883.84,26294.48
1817,132104.4,"35,963.62"
1818,173889.71,42902.79
1819,"147,785.53","61,628.08"
1820,"$317,488.47","62,734.68"
1821,133901.33,23165.32
1822,97925.39,"32,195.31"
1823,"275,091.65",$38890.24
1824,207963.01,$24329.21
1825,313590.86,$46181.83
1826,224859.51,$25919.25
1827,"244,322.17","72,808.37"
1828,"$281,017.94",$15834.61
1829,108295.3,$2395.65
1830,$248335.45,38495.26
1831,421739.54,-627.35
1832,"158,671.64",$31235.96
1833,321234.94,55530.66
1834,263334.53,$12578.29
1835,$292969.46,-21048.02
1836,226537.94,"$17,725.33"
1837,"114,652.26",$-13424.67
1838,"$310,264.87","46,527.87"
1839,$126602.47,$54188.53
1840,180445.9,$36194.44
1841,"321,131.38",53270.35
1842,"$176,816.45",65968.55
1843,132137.81,19670.05
1844,112657.55,"$40,701.72"
1845,"217,168.59",-5325.97
1846,136493.81,36543.92
1847,$791.29,13162.94
1848,"181,137.67",32546.4
1849,$306006.0,28054.07
1850,129634.92,"$29,476.27"
1851,255850.79,$46982.92
1852,70104.18,"52,919.58"
1853,"$291,528.01","$8,070.17"
1854,-73653.06,$37038.11
1855,"47,030.72",$15298.13
1856,"297,560.22","$49,320.02"
1857,318975.63,$56392.03
1858,245203.09,49942.71
1859,$290535.46,35734.33
1860,331663.84,46009.64
1861,"311,155.58",$13338.6
1862,"300,317.26",48174.43
1863,169408.63,16405.22
1864,251658.21,"67,375.35"
1865,298255.81,"$48,551.57"
1866,248820.87,"64,764.15"
1867,245862.37,$60642.01
1868,299296.3,$50658.43
1869,"$328,051.79",21672.82
1870,"288,309.99",11259.27
1871,"203,734.27",
1872,"173,366.19",21535.98
1873,176370.65,777.04
1874,285861.19,22194.95
1875,"289,566.49",$30736.91
1876,"$227,513.64",74355.4
1877,75158.04,41459.46
1878,$63353.3,"$61,916.37"
1879,$219188.08,"6,885.71"
1880,116013.5,$25006.83
1881,230988.44,24111.07
1882,170375.93,8295.41
1883,143478.42,19402.48
1884,271369.98,37300.04
1885,191964.39,"24,230.04"
1886,$190199.08,"$35,737.71"
1887,$167132.26,49665.0
1888,$6014.04,"$54,193.57"
1889,159138.93,46623.57
1890,$225740.54,"-9,160.00"
1891,$97527.38,3685.33
1892,348940.72,"$70,808.18"
1893,$223467.75,$20695.67
1894,"$66,307.30","$8,019.25"
1895,120146.82,
1896,195509.81,
1897,"$216,162.73",49929.91
1898,"$260,745.68","-2,938.52"
1899,"213,203.63","$39,770.00"
1900,45465.73,$48383.46
1901,$261986.4,"6,732.00"
1902,"$311,153.69",30688.91
1903,"129,018.09",41358.12
1904,"$279,565.75",$46059.61
1905,"307,445.59",
1906,319340.67,4238.64
1907,$50566.32,"$35,180.62"
1908,319988.78,$-1607.82
1909,$368826.62,$76750.43
1910,"$266,726.83","$69,723.64"
1911,"$150,491.18","38,565.63"
1912,242930.67,"$79,680.55"
1913,"308,122.67","71,621.63"
1914,304387.83,$20652.78
1915,"86,415.73","41,976.83"
1916,"$330,842.74",47644.87
1917,$210698.0,"55,152.64"
1918,"120,192.48","$20,172.53"
1919,292005.48,40058.68
1920,193659.23,"60,860.65"
1921,"252,441.61",30630.13
1922,"198,494.11",7218.96
1923,98733.24,$55978.74
1924,295716.57,$32571.18
1925,129157.85,24998.11
1926,"210,700.03","$23,611.14"
1927,290422.03,$59772.52
1928,"359,225.42",44517.84
1929,"268,480.87","46,704.38"
1930,"275,691.66",$20611.27
1931,"228,202.50",65044.17
1932,222033.73,$51437.54
1933,262138.37,62531.55
1934,328178.3,"41,093.14"
1935,"$212,465.83",-1132.94
1936,246891.6,63120.11
1937,"224,614.33",26162.44
1938,"241,982.13",5747.08
1939,104476.05,8034.88
1940,"321,738.64",$15197.57
1941,61932.31,"62,130.15"
1942,$279435.23,26033.86
1943,53261.02,"23,470.29"
1944,"$364,595.47","$37,492.24"
1945,130778.19,
1946,"$110,526.61","30,287.87"
1947,147821.17,-5122.72
1948,177997.44,32318.1
1949,391811.72,$-4140.52
1950,"$56,923.71",$62835.19
1951,"$63,855.97",54580.95
1952,"294,332.04",$17140.81
1953,123607.96,-6146.68
1954,"274,261.89",$58834.14
1955,"209,941.84","$35,131.47"
1956,"$265,136.43","22,795.48"
1957,173169.97,"$8,747.38"
1958,$153254.59,1795.21
1959,"$131,615.06",$-3481.5
1960,123218.48,12044.65
1961,$306488.18,56379.35
1962,123433.84,65222.6
1963,$430139.99,31582.81
1964,225248.76,$58888.14
1965,146576.71,$67141.25
1966,$18719.27,44312.72
1967,"$185,301.54","33,793.52"
1968,$191422.0,"58,334.69"
1969,"295,413.22",40490.42
1970,$457555.36,17365.6
1971,$159995.98,67159.62
1972,16530.93,$10365.77
1973,"$207,991.44",
1974,263720.93,13218.89
1975,"184,530.21","$45,662.99"
1976,$289134.14,"$-3,952.99"
1977,119255.55,16577.78
1978,$82173.88,59180.83
1979,241237.5,"66,347.65"
1980,176787.25,"$10,767.11"
1981,"293,282.48",38750.36
1982,"$189,070.32","$49,613.97"
1983,141907.2,"$-4,078.32"
1984,"$142,845.43","$46,933.31"
1985,254497.0,$36304.41
1986,"-110,629.99",36886.93
1987,"138,810.05",30440.67
1988,130948.16,35616.06
1989,"241,618.31",45913.61
1990,430407.77,53335.29
1991,"$299,173.76",25340.72
1992,"$159,556.78",21621.92
1993,$283051.88,$8534.77
1994,345207.48,$54785.17
1995,265376.43,29473.83
1996,312083.06,"$64,334.49"
1997,"145,485.19",$74594.24
1998,195320.47,"15,402.04"
1999,347829.15,52409.65
2000,228837.26,"$37,042.36"
298,295317.14,"20,591.47"
1517,429505.26,21930.64
404,365499.21,
1628,"-16,323.06","12,663.70"
743,223054.42,"5,619.10"
1390,-46087.65,"$41,360.32"
334,129349.14,39327.09
241,298920.86,18467.52
1254,$170514.59,$34428.93
473,264946.18,20066.92
